City ID,City,Cloudiness,Country,Date,Humidity,Latitude,Longitude,Max Temp,Wind Speed
0,Bubaque,100,GW,1630002824,77,11.2833,-15.8333,80.51,4.83
1,Rikitea,0,PF,1630002824,70,-23.1203,-134.9692,71.71,11.45
2,Vaini,40,TO,1630002825,82,-21.2,-175.2,64.56,10.36
3,Busselton,50,AU,1630002825,55,-33.65,115.3333,47.08,16.71
4,Saskylakh,100,RU,1630002825,87,71.9167,114.0833,36.55,16.93
5,Hofn,88,IS,1630002826,98,64.2539,-15.2082,54.39,7.61
6,Chokurdakh,100,RU,1630002826,75,70.6333,147.9167,45.81,10.16
7,Wuwei,96,CN,1630002827,27,37.9281,102.6414,64.09,2.86
8,Uyemskiy,75,RU,1630002827,93,64.4743,40.8524,44.65,4.47
9,Hithadhoo,97,MV,1630002828,72,-0.6,73.0833,82.62,8.88
10,Jiuquan,99,CN,1630002828,32,39.7432,98.5174,63.81,6.64
11,Bredasdorp,100,ZA,1630002828,87,-34.5322,20.0403,51.12,17.27
12,Saint-Philippe,46,RE,1630002829,78,-21.3585,55.7679,67.59,14.38
13,Hobart,40,AU,1630002679,95,-42.8794,147.3294,46.26,4.61
14,Avarua,90,CK,1630002829,94,-21.2078,-159.775,66.25,2.3
15,Port Elizabeth,1,ZA,1630002829,94,-33.918,25.5701,59.29,3.44
16,Lebu,77,CL,1630002830,72,-37.6167,-73.65,51.01,1.77
17,Souillac,40,MU,1630002830,73,-20.5167,57.5167,70.18,9.22
18,Puerto Madryn,100,AR,1630002652,67,-42.7692,-65.0385,45.14,32.26
19,Ushuaia,0,AR,1630002611,56,-54.8,-68.3,40.66,0.0
20,Jerome,1,US,1630002831,32,42.7241,-114.5186,72.95,8.05
21,Butaritari,100,KI,1630002831,75,3.0707,172.7902,81.93,13.31
22,Naze,9,JP,1630002832,81,28.3667,129.4833,76.84,3.04
23,Hermanus,100,ZA,1630002832,90,-34.4187,19.2345,49.8,17.34
24,Faanui,70,PF,1630002832,61,-16.4833,-151.75,78.98,12.97
25,Beringovskiy,6,RU,1630002833,73,63.05,179.3167,46.87,7.85
26,Ilulissat,75,GL,1630002833,76,69.2167,-51.1,44.62,6.91
27,Talnakh,100,RU,1630002834,93,69.4865,88.3972,45.59,9.06
28,São Filipe,99,CV,1630002834,89,14.8961,-24.4956,78.66,8.68
29,Cape Town,90,ZA,1630002646,88,-33.9258,18.4232,51.89,5.99
30,Puerto Ayora,95,EC,1630002834,82,-0.7393,-90.3518,76.96,8.99
31,Victor Harbor,7,AU,1630002835,91,-35.5667,138.6167,45.91,5.39
32,Gilgit,45,PK,1630002835,54,35.9221,74.3087,82.06,3.85
33,Dikson,21,RU,1630002836,76,73.5069,80.5464,37.87,15.32
34,Kwekwe,0,ZW,1630002836,31,-18.9281,29.8149,64.78,5.48
35,Torbay,20,CA,1630002836,77,47.6666,-52.7314,65.28,8.05
36,Tuktoyaktuk,75,CA,1630002837,88,69.4541,-133.0374,55.4,12.66
37,Mezen',94,RU,1630002837,83,65.8522,44.24,43.84,5.08
38,Pisco,0,PE,1630002837,64,-13.7,-76.2167,68.05,10.36
39,Punta Arenas,40,CL,1630002611,70,-53.15,-70.9167,42.91,6.91
40,Valley City,90,US,1630002807,82,46.9233,-98.0032,65.39,10.36
41,Guerrero Negro,0,MX,1630002838,53,27.9769,-114.0611,86.22,10.76
42,Upernavik,100,GL,1630002838,97,72.7868,-56.1549,38.57,12.44
43,New Norfolk,100,AU,1630002839,90,-42.7826,147.0587,45.9,1.5
44,Qaanaaq,100,GL,1630002839,96,77.484,-69.3632,37.83,6.98
45,Sioux Lookout,75,CA,1630002840,72,50.1001,-91.917,57.58,4.61
46,Albany,10,US,1630002696,64,42.6001,-73.9662,93.31,2.84
47,Cherskiy,95,RU,1630002840,83,68.75,161.3,42.78,5.03
48,Nikolskoye,100,RU,1630002841,82,59.7035,30.7861,57.09,8.81
49,Ixtapa,90,MX,1630002563,74,20.7,-105.2,89.22,5.75
50,Mar del Plata,20,AR,1630002551,22,-38.0023,-57.5575,66.22,25.32
51,Yellowknife,40,CA,1630002792,68,62.456,-114.3525,64.92,9.22
52,Bowen,0,AU,1630002841,84,-20.0167,148.2333,57.42,6.91
53,Manta,90,EC,1630002842,83,-0.95,-80.7333,74.98,9.22
54,Bambous Virieux,40,MU,1630002842,73,-20.3428,57.7575,70.05,9.22
55,Pevek,100,RU,1630002842,83,69.7008,170.3133,34.88,4.83
56,Severo-Kuril'sk,100,RU,1630002843,88,50.6789,156.125,53.56,6.58
57,Alofi,100,NU,1630002843,77,-19.0595,-169.9187,64.29,8.05
58,Atuona,0,PF,1630002843,72,-9.8,-139.0333,77.9,21.32
59,Khatanga,98,RU,1630002844,85,71.9667,102.5,36.45,4.63
60,Sangamner,100,IN,1630002844,85,19.5667,74.2167,74.95,4.88
61,Derzhavīnsk,3,KZ,1630002845,30,51.1,66.3167,71.37,8.21
62,Goderich,0,CA,1630002845,78,43.7501,-81.7165,87.03,11.5
63,Kungurtug,11,RU,1630002845,84,50.5994,97.5228,39.94,2.35
64,Mataura,100,NZ,1630002846,99,-46.1927,168.8643,41.49,1.7
65,Marsabit,0,KE,1630002846,33,2.3284,37.9899,70.83,20.8
66,Jamestown,81,US,1630002846,57,42.097,-79.2353,88.18,5.01
67,Carnarvon,0,AU,1630002847,71,-24.8667,113.6333,60.87,13.8
68,Nālūt,0,LY,1630002847,15,30.3333,10.85,91.27,8.34
69,Tervel Municipality,100,BG,1630002847,78,43.75,27.4,67.23,4.23
70,Doha,0,QA,1630002848,60,25.2867,51.5333,100.71,4.61
71,Bluff,91,NZ,1630002848,72,-46.6,168.3333,41.81,9.13
72,Okhotsk,100,RU,1630002848,99,59.3833,143.3,56.79,2.77
73,Port Macquarie,6,AU,1630002652,80,-31.4333,152.9167,49.82,5.82
74,Port Alfred,9,ZA,1630002849,82,-33.5906,26.891,64.24,7.38
75,Kumul,95,CN,1630002849,19,42.8,93.45,77.34,3.18
76,Isangel,8,VU,1630002850,73,-19.55,169.2667,71.2,11.97
77,Kirakira,83,SB,1630002850,84,-10.4544,161.9205,79.02,10.89
78,Witu,95,KE,1630002850,80,-2.3889,40.4382,77.16,11.77
79,Houma,40,US,1630002851,73,29.5958,-90.7195,88.0,12.66
80,Saldanha,100,ZA,1630002851,88,-33.0117,17.9442,51.85,23.47
81,Akabira,99,JP,1630002851,97,43.5514,142.0531,62.76,2.98
82,Hilo,90,US,1630002594,83,19.7297,-155.09,78.24,8.05
83,Dwārka,100,IN,1630002852,74,22.2394,68.9678,82.11,17.6
84,Provideniya,99,RU,1630002853,67,64.3833,-173.3,39.25,9.62
85,Jega,100,NG,1630002853,78,12.2175,4.3792,79.79,7.31
86,Whyalla,1,AU,1630002665,74,-33.0333,137.5833,46.98,6.02
87,Tiksi,100,RU,1630002854,96,71.6872,128.8694,39.7,18.54
88,Changzhou,100,CN,1630002854,98,31.7833,119.9667,72.91,5.39
89,Tavricheskoye,2,RU,1630002854,56,54.5851,73.6395,69.71,6.62
90,Puerto Madero,40,MX,1630002855,70,14.7208,-92.4215,88.0,0.0
91,Chui,0,UY,1630002855,46,-33.6971,-53.4616,60.93,4.0
92,Ponta do Sol,25,PT,1630002855,77,32.6667,-17.1,80.01,6.85
93,Miyang,100,CN,1630002856,97,24.4042,103.4428,63.64,2.06
94,Killybegs,47,IE,1630002856,90,54.6333,-8.45,60.51,2.95
95,Kavieng,51,PG,1630002857,77,-2.5744,150.7967,81.63,12.53
96,Castro,65,BR,1630002857,47,-24.7911,-50.0119,70.93,10.69
97,Kapaa,40,US,1630002857,71,22.0752,-159.319,80.92,3.0
98,Aboyne,1,GB,1630002858,86,57.0755,-2.7802,58.75,5.12
99,Bunia,76,CD,1630002858,59,1.5667,30.25,69.69,0.6
100,Honningsvåg,100,NO,1630002858,68,70.9821,25.9704,50.86,13.15
101,Richards Bay,46,ZA,1630002859,58,-28.783,32.0377,77.2,15.99
102,Enfield,0,AU,1630002755,80,-34.8526,138.6026,45.61,4.0
103,Tuatapere,100,NZ,1630002859,94,-46.1333,167.6833,41.83,2.98
104,Horsham,75,GB,1630002859,52,51.064,-0.3272,65.48,10.36
105,Itarema,9,BR,1630002860,62,-2.9248,-39.9167,83.86,21.7
106,Vila Franca do Campo,47,PT,1630002860,62,37.7167,-25.4333,72.01,9.44
107,Kudahuvadhoo,38,MV,1630002861,77,2.6708,72.8944,82.08,13.04
108,Bafra,0,TR,1630002861,89,41.5678,35.9069,74.98,2.13
109,Rocha,4,UY,1630002861,49,-34.4833,-54.3333,62.31,8.57
110,Faya,8,SA,1630002862,30,18.3851,42.4509,72.12,8.81
111,Fortuna,75,US,1630002862,79,40.5982,-124.1573,67.32,5.01
112,Sørland,33,NO,1630002862,78,67.667,12.6934,57.27,6.49
113,Shiraz,0,IR,1630002863,11,29.6036,52.5388,81.84,4.61
114,Saraland,14,US,1630002863,69,30.8207,-88.0706,90.55,5.97
115,Lorengau,100,PG,1630002864,80,-2.0226,147.2712,80.1,9.75
116,Dzhebariki-Khaya,100,RU,1630002864,86,62.2167,135.8,53.8,5.7
117,Namatanai,94,PG,1630002864,83,-3.6667,152.4333,78.62,5.44
118,Belmonte,4,BR,1630002865,71,-15.8631,-38.8828,82.4,9.22
119,San Juan,1,AR,1630002865,9,-31.5375,-68.5364,72.66,5.61
120,Leh,0,IN,1630002865,29,34.1667,77.5833,66.27,6.06
121,Yulara,3,AU,1630002866,39,-25.2406,130.9889,44.44,0.0
122,Vaasa,20,FI,1630002790,87,63.096,21.6158,54.28,6.91
123,Constitución,6,CL,1630002866,56,-35.3333,-72.4167,55.8,9.53
124,Grand Baie,4,MU,1630002866,71,-20.0182,57.5802,70.27,5.01
125,Port-Gentil,40,GA,1630002867,83,-0.7193,8.7815,76.96,11.5
126,Schisma Eloundas,0,GR,1630002868,62,35.2667,25.7167,81.68,5.23
127,Karasjok,100,NO,1630002869,70,69.4719,25.5112,53.71,10.04
128,Elko,100,US,1630002869,19,41.0002,-115.5012,78.75,5.01
129,Husavik,98,IS,1630002869,76,66.0449,-17.3389,66.11,6.49
130,West Bay,40,KY,1630002870,81,19.3667,-81.4167,86.07,4.0
131,Baghdad,0,IQ,1630002857,21,33.3406,44.4009,94.91,5.75
132,Mount Isa,0,AU,1630002870,29,-20.7333,139.5,44.37,2.3
133,Coahuayana Viejo,100,MX,1630002870,65,18.7333,-103.6833,89.08,4.52
134,Ayan,59,RU,1630002871,81,56.45,138.1667,58.12,6.35
135,Ugoofaaru,70,MV,1630002871,75,5.6667,73.0,83.01,14.58
136,Kaitangata,100,NZ,1630002872,90,-46.2817,169.8464,44.1,5.23
137,Novy Urengoy,100,RU,1630002872,85,66.0833,76.6333,55.33,6.46
138,Fréjus,1,FR,1630002872,39,43.4329,6.7352,78.76,15.52
139,Huarmey,22,PE,1630002873,74,-10.0681,-78.1522,67.23,13.73
140,Paita,100,PE,1630002873,72,-5.0892,-81.1144,73.96,15.75
141,Pyn U Lwin,100,MM,1630002873,94,22.0333,96.4667,66.63,1.43
142,Lavrentiya,97,RU,1630002874,67,65.5833,-171.0,38.25,12.28
143,Seoul,75,KR,1630002819,91,37.5683,126.9778,76.51,2.3
144,Bekovo,6,RU,1630002874,54,52.4663,43.712,61.92,8.99
145,Kavaratti,100,IN,1630002875,81,10.5669,72.642,80.74,27.07
146,Saint George,1,US,1630002791,20,37.1041,-113.5841,100.87,1.01
147,Nanchang,100,CN,1630002875,96,28.6833,115.8833,76.06,5.55
148,Almaznyy,81,RU,1630002876,36,48.0448,40.045,77.14,10.07
149,Dossor,7,KZ,1630002876,31,47.5272,52.9811,81.1,10.47
150,Trat,100,TH,1630002876,97,12.5,102.5,74.61,2.77
151,Port Hawkesbury,1,CA,1630002877,70,45.6169,-61.3485,84.15,5.99
152,Umluj,7,SA,1630002877,43,25.0213,37.2685,93.99,5.82
153,Geraldton,90,AU,1630002672,76,-28.7667,114.6,54.01,8.05
154,Korla,57,CN,1630002878,32,41.7597,86.1469,74.48,15.79
155,Luanda,100,AO,1630002878,89,-8.8368,13.2343,71.44,13.62
156,Bengkulu,5,ID,1630002878,87,-3.8004,102.2655,74.55,5.84
157,Cayenne,75,GF,1630002879,64,4.9333,-52.3333,87.1,4.61
158,Kropotkin,97,RU,1630002879,69,45.4375,40.5756,76.26,5.23
159,Yangi Marg`ilon,78,UZ,1630002879,33,40.4272,71.7189,77.72,6.91
160,Sitka,75,US,1630002880,77,57.0531,-135.33,58.89,5.75
161,Mocuba,0,MZ,1630002880,78,-16.8392,36.9856,70.27,5.55
162,Ribeira Grande,20,PT,1630002880,53,38.5167,-28.7,73.8,12.66
163,Coquimbo,0,CL,1630002796,59,-29.9533,-71.3436,62.33,17.27
164,Lebyazh'ye,82,RU,1630002881,37,55.2689,66.4947,70.97,6.38
165,Touros,0,BR,1630002881,62,-5.1989,-35.4608,85.1,19.33
166,Kupang,45,ID,1630002882,81,-10.1667,123.5833,75.16,10.02
167,Tasiilaq,100,GL,1630002882,92,65.6145,-37.6368,50.16,10.94
168,Bartica,100,GY,1630002882,69,6.4,-58.6167,89.92,2.84
169,Broome,1,US,1630002883,63,42.2506,-75.833,88.02,1.01
170,Saint Paul Harbor,1,US,1630002883,77,57.79,-152.4072,56.71,0.0
171,Springbok,13,ZA,1630002883,92,-29.6643,17.8865,43.74,7.85
172,Darlawn,100,IN,1630002884,98,24.0167,92.9,68.58,1.95
173,Nanortalik,25,GL,1630002884,83,60.1432,-45.2371,45.1,16.13
174,Rapid Valley,1,US,1630002643,52,44.0625,-103.1463,86.86,1.99
175,Ifo,100,NG,1630002884,88,6.8144,3.1958,80.22,5.1
176,Anloga,100,GH,1630002885,83,5.7947,0.8973,80.82,10.78
177,Chapais,100,CA,1630002885,72,49.7834,-74.8492,64.18,12.86
178,Bereslavka,5,RU,1630002886,34,48.6254,44.0449,72.37,9.17
179,Bethel,1,US,1630002870,57,41.3712,-73.414,95.36,1.99
180,Ovsyanka,6,RU,1630002886,94,55.9575,92.5519,54.57,1.48
181,North Platte,75,US,1630002886,54,41.1239,-100.7654,82.29,10.36
182,Zinder,20,NE,1630002887,58,13.8072,8.9881,87.76,6.91
183,Ust'-Kan,3,RU,1630002887,87,50.9276,84.761,49.37,1.48
184,Atasū,56,KZ,1630002887,27,48.6814,71.6433,70.65,8.25
185,Manono,22,CD,1630002888,28,-7.3,27.4167,84.34,4.56
186,Kutum,100,SD,1630002888,54,14.2,24.6667,76.23,8.55
187,Yangmei,27,CN,1630002888,97,24.1023,112.5618,71.2,1.54
188,City of San Pedro,75,PH,1630002889,91,14.35,121.0167,78.35,1.14
189,Bandundu Province,82,CD,1630002889,44,-3.3167,17.3667,86.97,3.4
190,Vao,47,NC,1630002889,76,-22.6667,167.4833,70.48,13.73
191,Sibu,20,MY,1630002890,100,2.3,111.8167,73.71,2.3
192,Hong Kong,1,HK,1630002722,83,22.2855,114.1577,85.32,1.01
193,Maumere,11,ID,1630002890,82,-8.6199,122.2111,77.14,5.61
194,Narrabri,75,AU,1630002891,87,-30.3167,149.7833,39.29,0.0
195,Nome,40,US,1630002891,76,64.5011,-165.4064,46.17,9.22
196,Arraial do Cabo,0,BR,1630002891,40,-22.9661,-42.0278,87.66,18.41
197,Kahului,40,US,1630002892,66,20.8947,-156.47,78.96,10.36
198,Tallahassee,40,US,1630002689,60,30.4383,-84.2807,92.08,3.0
199,Bima,90,ID,1630002892,94,-8.4667,118.7167,72.91,3.76
200,Coari,13,BR,1630002892,18,-4.085,-63.1414,103.53,3.18
201,Kashgar,36,CN,1630002893,38,39.4547,75.9797,76.21,6.71
202,Siliştea,21,RO,1630002893,47,44.3833,25.35,73.38,3.62
203,Fallon,1,US,1630002893,15,39.4735,-118.7774,81.91,3.44
204,Talara,0,PE,1630002894,64,-4.5772,-81.2719,74.16,18.41
205,Kiryat Gat,0,IL,1630002894,76,31.61,34.7642,83.8,6.98
206,Linguère,75,SN,1630002895,59,15.3953,-15.1193,93.42,6.91
207,The Valley,40,AI,1630002895,66,18.217,-63.0578,89.46,14.97
208,São Félix do Xingu,100,BR,1630002895,25,-6.6447,-51.995,99.25,3.51
209,Libertador General San Martín,42,AR,1630002895,21,-23.8064,-64.7876,74.97,7.2
210,Pontianak,75,ID,1630002896,94,-0.0333,109.3333,75.18,3.44
211,Požega,9,HR,1630002896,60,45.3403,17.6853,67.62,2.89
212,Barrow,90,US,1630002897,87,71.2906,-156.7887,41.02,14.97
213,Tautira,57,PF,1630002897,74,-17.7333,-149.15,78.82,14.94
214,Xai-Xai,0,MZ,1630002897,66,-25.0519,33.6442,73.13,11.95
215,Teya,6,RU,1630002898,73,60.3778,92.6267,52.25,1.77
216,Santo Antônio do Içá,77,BR,1630002898,33,-3.1022,-67.9397,98.02,4.76
217,Odienné,100,CI,1630002898,95,9.51,-7.5692,71.37,1.36
218,Sept-Îles,90,CA,1630002899,94,50.2001,-66.3821,66.72,10.36
219,Coyhaique,40,CL,1630002899,53,-45.5752,-72.0662,44.55,8.05
220,Esperance,67,AU,1630002899,84,-33.8667,121.9,44.44,21.39
221,Papetoai,48,PF,1630002900,71,-17.4961,-149.8729,78.39,15.08
222,Salalah,75,OM,1630002900,89,17.0151,54.0924,78.89,6.91
223,Vestmannaeyjar,100,IS,1630002900,95,63.4427,-20.2734,55.22,19.57
224,East London,0,ZA,1630002901,94,-33.0153,27.9116,63.54,4.61
225,Riyadh,0,SA,1630002647,11,24.6877,46.7219,98.74,8.72
226,Anse-Bertrand,67,GP,1630002901,71,16.4721,-61.5078,87.62,15.05
227,Pacific Grove,90,US,1630002794,83,36.6177,-121.9166,83.8,4.0
228,Wum,71,CM,1630002902,97,6.3833,10.0667,65.89,1.16
229,Airai,14,TL,1630002902,88,-8.9266,125.4092,56.14,3.58
230,Duliāgaon,100,IN,1630002903,99,27.3667,95.3167,72.91,3.06
231,Alpena,20,US,1630002903,47,45.0617,-83.4327,86.94,6.91
232,Kieta,100,PG,1630002904,85,-6.2167,155.6333,78.12,6.91
233,Santa Barbara,0,US,1630002904,11,34.7333,-120.0343,85.33,6.11
234,Cuxhaven,75,DE,1630002896,67,53.8718,8.6909,61.0,14.97
235,Mossamedes,81,AO,1630002904,82,-15.1961,12.1522,61.65,9.69
236,Karratha,99,AU,1630002905,36,-20.7377,116.8463,72.88,13.33
237,Leningradskiy,100,RU,1630002905,82,69.3833,178.4167,34.25,17.56
238,Ahipara,100,NZ,1630002905,91,-35.1667,173.1667,57.42,13.0
239,Inírida,96,CO,1630002906,55,3.8653,-67.9239,90.5,0.78
240,Kralendijk,20,BQ,1630002614,70,12.15,-68.2667,87.78,20.71
241,Bend,1,US,1630002887,38,44.0582,-121.3153,73.0,1.01
242,Adrar,14,MR,1630002907,7,20.5022,-10.0711,104.05,10.78
243,Fare,82,PF,1630002907,59,-16.7,-151.0167,79.09,13.78
244,Neyshabur,0,IR,1630002960,23,36.2133,58.7958,77.49,3.62
245,Rasskazovo,15,RU,1630002960,52,52.6714,41.9033,64.96,8.84
246,Soyo,64,AO,1630002961,87,-6.1349,12.3689,77.05,8.95
247,Wajir,5,KE,1630002961,41,1.7471,40.0573,83.91,16.8
248,Barre,20,US,1630002718,48,44.197,-72.5021,93.07,11.5
249,Lima,90,PE,1630002928,77,-12.0432,-77.0282,62.13,8.05
250,Thompson,20,CA,1630002962,42,55.7435,-97.8558,66.36,6.91
251,Sangar,99,RU,1630002962,96,63.9242,127.4739,48.52,6.35
252,Bako,98,ET,1630002962,48,5.7833,36.5667,71.1,3.96
253,Berlevåg,0,NO,1630002963,71,70.8578,29.0864,49.95,3.44
254,Shupīyan,35,IN,1630002963,72,33.7167,74.8333,62.62,3.91
255,Ostrovnoy,39,RU,1630002964,76,68.0531,39.5131,42.48,7.52
256,Lompoc,20,US,1630002777,79,34.6391,-120.4579,90.21,6.91
257,Batagay,100,RU,1630002964,85,67.6333,134.6333,50.95,2.93
258,Virginia Beach,75,US,1630002964,67,36.8529,-75.978,95.02,10.36
259,Mehamn,100,NO,1630002965,62,71.0357,27.8492,49.91,13.67
260,San Patricio,83,US,1630002965,40,28.017,-97.5169,96.03,9.8
261,Kruisfontein,0,ZA,1630002966,88,-34.0033,24.7314,55.89,5.46
262,Dawson Creek,75,CA,1630002900,63,55.7666,-120.2362,60.44,0.0
263,Dolores,1,AR,1630002966,41,-36.3132,-57.6792,63.5,15.46
264,Norman Wells,75,CA,1630002966,94,65.282,-126.8329,55.44,5.75
265,Alghero,0,IT,1630002967,73,40.5589,8.3181,75.29,4.61
266,Zhoucheng,100,CN,1630002967,93,35.9122,116.3117,64.24,5.88
267,Stavern,95,NO,1630002968,62,59.0,10.0333,61.18,28.7
268,Nouadhibou,36,MR,1630002968,83,20.931,-17.0347,73.38,23.02
269,Brownsville,75,US,1630002837,63,25.9018,-97.4975,93.97,4.0
270,Mahébourg,40,MU,1630002969,73,-20.4081,57.7,70.09,9.22
271,Fort Nelson,40,CA,1630002969,63,58.8053,-122.7002,63.99,0.0
272,Ancud,99,CL,1630002969,63,-41.8697,-73.8203,48.42,8.72
273,Kitui,0,KE,1630002970,44,-1.367,38.0106,66.09,12.26
274,Mahibadhoo,99,MV,1630002970,75,3.7833,72.9667,82.89,13.31
275,Urzhum,18,RU,1630002971,83,57.1141,49.9996,49.71,6.89
276,Labuhan,79,ID,1630002971,76,-6.8844,112.2051,74.16,8.75
277,Cururupu,43,BR,1630002972,70,-1.8283,-44.8683,84.31,6.76
278,Ekhabi,100,RU,1630002972,98,53.5102,142.9671,59.5,2.21
279,Xiaoyi,0,CN,1630002972,67,34.6178,109.703,66.87,2.46
280,Esil,0,KZ,1630002973,34,51.9556,66.4042,71.42,8.59
281,Nemuro,100,JP,1630002973,99,43.3236,145.575,61.25,6.02
282,Inhambane,20,MZ,1630002973,83,-23.865,35.3833,73.38,9.22
283,Sānwer,100,IN,1630002974,88,22.9833,75.8333,75.85,6.71
284,Kasiri,100,SL,1630002974,86,8.9412,-13.1148,77.58,6.98
285,Margate,100,GB,1630002681,64,51.3813,1.3862,63.3,5.99
286,Ambulu,40,ID,1630002975,89,-8.345,113.6058,69.84,3.2
287,George Town,20,MY,1630002975,88,5.4112,100.3354,80.89,2.3
288,Port Hedland,100,AU,1630002976,77,-20.3167,118.5667,60.85,1.14
289,Rawson,40,AR,1630002976,93,-43.3002,-65.1023,37.69,20.71
290,Nampula,0,MZ,1630002976,68,-15.1165,39.2666,73.35,8.05
291,Kindu,26,CD,1630002977,54,-2.95,25.95,79.47,0.58
292,Karhal,100,IN,1630002977,65,27.0003,78.9414,86.68,6.2
293,Clearlake,0,US,1630002977,24,38.9582,-122.6264,89.26,2.57
294,Voh,78,NC,1630002978,90,-20.9667,164.7,67.95,4.81
295,Saint-Augustin,100,CA,1630002978,81,51.226,-58.6502,59.74,4.36
296,Dingle,65,PH,1630002978,93,10.9995,122.6711,73.45,4.79
297,Tokur,100,RU,1630002979,95,53.1333,132.9,52.95,1.68
298,Albstadt,90,DE,1630002979,96,48.2164,9.026,55.83,5.35
299,Flinders,100,AU,1630002979,84,-34.5833,150.8552,54.18,1.01
300,San Cristobal,100,VE,1630002980,48,7.7669,-72.225,80.78,7.25
301,Tres Arroyos,93,AR,1630002980,45,-38.3739,-60.2798,52.65,22.66
302,Fairbanks,90,US,1630002980,92,64.8378,-147.7164,53.1,5.75
303,Kyaikkami,100,MM,1630002981,88,16.08,97.5675,78.24,8.52
304,Broken Hill,19,AU,1630002981,81,-31.95,141.4333,40.71,0.0
305,Pacocha,56,PE,1630002982,72,-17.5833,-71.3333,62.13,9.26
306,Port Lincoln,33,AU,1630002982,71,-34.7333,135.8667,48.29,12.88
307,A Coruña,100,ES,1630002982,86,43.3713,-8.396,72.48,1.01
308,Cidreira,100,BR,1630002983,85,-30.1811,-50.2056,57.43,7.25
309,Bara,100,NG,1630002983,75,10.3744,10.7288,77.9,4.61
310,Cabo San Lucas,20,MX,1630002760,61,22.8909,-109.9124,98.62,10.36
311,Batagay-Alyta,100,RU,1630002983,81,67.8006,130.4114,50.9,3.89
312,Barguzin,100,RU,1630002984,75,53.6167,109.6167,50.36,2.06
313,Ankara,0,TR,1630002984,29,39.9199,32.8543,78.19,1.14
314,Codrington,11,AU,1630002985,95,-38.2667,141.9667,39.52,6.15
315,Juneau,90,US,1630002912,88,58.3019,-134.4197,61.84,6.91
316,Mumbwa,0,ZM,1630002985,26,-14.9783,27.0619,69.51,5.48
317,Vestmanna,90,FO,1630002986,100,62.1564,-7.1664,50.92,1.14
318,Seymchan,100,RU,1630002795,96,62.8833,152.4333,53.13,1.9
319,Alpignano,0,IT,1630002986,61,45.102,7.5266,78.39,3.44
320,Bathsheba,40,BB,1630002986,66,13.2167,-59.5167,88.41,18.41
321,Aklavik,75,CA,1630002987,77,68.2191,-135.0107,59.83,8.05
322,Bouillante,20,GP,1630002987,60,16.1304,-61.7692,87.03,12.59
323,Poso,100,ID,1630002987,91,-1.3959,120.7524,75.27,2.91
324,At-Bashi,48,KG,1630002988,49,41.1702,75.8106,55.81,2.1
325,Klaksvík,100,FO,1630002989,94,62.2266,-6.589,52.72,0.94
326,Sabla,15,NG,1630002989,60,12.7525,4.7077,83.8,3.4
327,Kyshtovka,0,RU,1630002989,76,56.555,76.6271,64.85,6.51
328,Skibotn,61,NO,1630002990,70,69.3913,20.2679,53.69,2.19
329,Behshahr,1,IR,1630002990,80,36.6923,53.5526,84.15,4.18
330,Vanimo,88,PG,1630002990,91,-2.6741,141.3028,76.33,6.13
331,Rabo de Peixe,20,PT,1630002991,60,37.8,-25.5833,71.11,9.22
332,Vila,64,PT,1630002991,64,42.0304,-8.1588,70.7,2.89
333,Dondo,0,MZ,1630002991,93,-19.6094,34.7431,71.11,6.62
334,Nyurba,100,RU,1630002992,75,63.2842,118.3319,49.73,8.84
335,Imeni Poliny Osipenko,100,RU,1630002992,96,52.4201,136.4853,58.91,5.75
336,Antalaha,0,MG,1630002992,80,-14.9003,50.2788,66.4,8.57
337,Prince Rupert,90,CA,1630002993,91,54.3161,-130.3201,59.09,3.44
338,Hasaki,77,JP,1630002993,86,35.7333,140.8333,79.2,2.15
339,Meulaboh,99,ID,1630002994,90,4.1363,96.1285,76.17,3.53
340,Longyearbyen,75,SJ,1630002994,87,78.2186,15.6401,42.64,19.57
341,Kaeo,100,NZ,1630002994,92,-35.1,173.7833,57.33,11.83
342,Saquarema,6,BR,1630002925,51,-22.92,-42.5103,87.84,4.29
343,Vostok,7,RU,1630002995,96,46.4856,135.8833,56.89,4.85
344,Örnsköldsvik,90,SE,1630002995,82,63.2909,18.7153,55.22,10.36
345,Ilhabela,100,BR,1630002996,61,-23.7781,-45.3581,78.42,5.17
346,Sakakah,0,SA,1630002996,9,29.9697,40.2064,101.77,7.38
347,Moguer,4,ES,1630002996,61,37.2756,-6.8385,85.87,11.01
348,Acajutla,51,SV,1630002997,73,13.5928,-89.8275,93.54,6.02
349,Itamaraju,4,BR,1630002997,53,-17.0392,-39.5311,80.28,10.63
350,Umeå,75,SE,1630002997,71,63.8284,20.2597,53.53,9.22
351,Krasnosel'kup,100,RU,1630002998,94,65.7,82.4667,61.45,17.07
352,Paamiut,24,GL,1630002998,89,61.994,-49.6678,43.59,15.9
353,Walvis Bay,0,NA,1630002998,82,-22.9575,14.5053,57.09,13.8
354,Khor,25,RU,1630002999,94,47.8861,134.9464,60.87,2.17
355,Oodweyne,95,SO,1630002999,36,9.4092,45.064,80.69,17.47
356,Harper,100,LR,1630003000,86,4.375,-7.7169,77.45,5.28
357,Kyra,100,RU,1630003000,86,49.5776,111.9753,51.17,5.61
358,Baruun-Urt,100,MN,1630003000,94,46.6806,113.2792,49.42,10.36
359,Puerto del Rosario,20,ES,1630003001,78,28.5004,-13.8627,78.48,13.8
360,Hunucmá,0,MX,1630003001,36,21.0167,-89.8667,94.08,9.42
361,Gallup,1,US,1630002711,27,35.5281,-108.7426,88.56,1.99
362,Dhārchula,100,IN,1630003002,96,29.85,80.5333,73.63,0.92
363,Canatlán,48,MX,1630003002,47,24.5167,-104.7833,70.45,8.77
364,Laval,40,CA,1630002843,45,45.57,-73.692,92.91,5.99
365,Pangnirtung,75,CA,1630003003,87,66.1451,-65.7125,44.6,14.97
366,Srandakan,21,ID,1630003003,81,-7.9386,110.2506,72.48,3.0
367,Moose Factory,90,CA,1630003003,62,51.2585,-80.6094,57.2,12.66
368,Behbahān,0,IR,1630003004,10,30.5959,50.2417,97.92,2.77
369,Vanavara,19,RU,1630003004,82,60.34,102.2797,46.53,3.56
370,Shelburne,3,CA,1630003004,42,44.0787,-80.2041,87.24,6.89
371,Bira,37,RU,1630003005,97,49.0,132.4667,59.11,1.21
372,Champerico,100,GT,1630003005,73,14.3,-91.9167,90.77,7.47
373,Bang Saphan,100,TH,1630003005,93,11.2126,99.5117,75.33,5.17
374,Wamba,100,NG,1630003006,91,8.9333,8.6,73.72,2.89
375,San Matías,85,BO,1630003006,20,-16.3667,-58.4,93.65,4.97
376,Sulangan,100,PH,1630003007,77,11.1373,123.7228,81.52,7.72
377,Padang,38,ID,1630003007,88,-0.9492,100.3543,75.25,3.6
378,Grindavik,90,IS,1630003008,100,63.8424,-22.4338,55.35,19.57
379,Alyangula,19,AU,1630002977,88,-13.8483,136.4192,57.07,0.0
380,Aksu,8,CN,1630003008,37,41.1231,80.2644,74.05,2.33
381,Conceição do Araguaia,0,BR,1630003008,28,-8.2578,-49.2647,98.73,8.05
382,Manicoré,0,BR,1630003009,39,-5.8092,-61.3003,98.55,6.91
383,Ürümqi,0,CN,1630003009,33,43.801,87.6005,70.75,8.95
384,Bella Vista,1,US,1630003009,53,36.4295,-94.2316,96.12,0.0
385,Elizabeth City,1,US,1630003010,67,36.2946,-76.2511,94.01,5.01
386,Novoagansk,100,RU,1630003010,91,61.9449,76.6625,61.93,7.94
387,Molde,20,NO,1630003011,58,62.7375,7.1591,59.45,12.66
388,Potchefstroom,2,ZA,1630002751,39,-26.7167,27.1,64.65,10.94
389,Marshall,1,US,1630002814,66,34.3834,-86.3333,91.81,1.01
390,Nsanje,0,MW,1630003011,44,-16.92,35.262,77.14,5.12
391,Sorong,56,ID,1630003012,85,-0.8833,131.25,77.18,5.97
392,Ketchikan,90,US,1630003012,94,55.3422,-131.6461,55.87,5.75
393,Laas,93,IT,1630003012,76,46.6166,10.7002,67.91,6.11
394,Naliya,100,IN,1630003013,70,23.2667,68.8333,81.79,19.26
395,Belyy Yar,0,RU,1630003013,87,53.6039,91.3903,48.09,4.47
396,Tual,46,ID,1630003013,80,-5.6667,132.75,80.17,19.19
397,Yerbogachën,19,RU,1630003014,86,61.2767,108.0108,43.75,4.0
398,Xingtai,27,CN,1630003014,74,37.0631,114.4942,67.55,7.45
399,Cervo,100,ES,1630003014,86,43.6702,-7.4101,71.96,8.43
400,Malanje,100,AO,1630003015,76,-9.5402,16.341,71.08,8.28
401,Plyussa,100,RU,1630003015,89,58.4308,29.3654,53.87,8.77
402,Dinard,75,FR,1630003016,82,48.6314,-2.0614,65.68,8.05
403,Wanning,26,CN,1630003016,87,18.8003,110.3967,78.96,2.89
404,Dzerzhinskoye,63,RU,1630003016,94,56.8344,95.2283,60.39,0.74
405,Tatarsk,0,RU,1630003017,66,55.219,75.9828,65.8,7.29
406,Gopālpur,100,IN,1630003017,73,19.2667,84.9167,84.56,1.14
407,Okha,100,RU,1630003017,98,53.5739,142.9478,59.5,2.95
408,La Ronge,75,CA,1630003018,48,55.1001,-105.2842,64.65,8.05
409,Miranda de Ebro,8,ES,1630003018,60,42.6865,-2.947,86.43,5.19
410,Port Hardy,90,CA,1630003019,94,50.6996,-127.4199,59.18,8.05
411,Krasnaya Gora,100,RU,1630003019,95,52.9995,31.6023,60.71,4.07
412,Gizo Government Station,100,SB,1630003019,76,-8.103,156.8419,81.7,11.18
413,Carora,100,VE,1630003020,30,10.1755,-70.0827,96.84,8.97
414,Evanston,75,US,1630003020,59,42.0411,-87.6901,92.1,1.99
415,Mount Gambier,40,AU,1630003021,100,-37.8333,140.7667,40.91,0.0
416,Liaocheng,100,CN,1630003021,78,36.4439,115.9647,66.15,10.76
417,Aljezur,0,PT,1630003021,86,37.3191,-8.8033,66.0,5.99
418,Hay River,40,CA,1630003022,46,60.8156,-115.7999,73.38,4.61
419,Baykit,56,RU,1630003022,79,61.67,96.37,48.67,2.37
420,Awjilah,0,LY,1630003022,24,29.1081,21.2869,87.91,8.66
421,Basco,100,PH,1630003023,76,20.4487,121.9702,84.09,15.1
422,Matagami,90,CA,1630003023,77,49.7502,-77.6328,57.31,13.8
423,Anadyr,0,RU,1630003024,93,64.75,177.4833,32.5,6.71
424,Lata,0,PT,1630003024,69,40.1629,-8.3327,81.05,4.52
425,Tarko-Sale,92,RU,1630003024,93,64.9225,77.785,62.35,16.91
426,Mayo,84,US,1630003025,75,38.8876,-76.5119,96.28,1.01
427,Kargasok,11,RU,1630003025,79,59.0556,80.8572,64.63,7.36
428,Bilibino,100,RU,1630002739,89,68.0546,166.4372,41.47,1.97
429,Honiara,99,SB,1630003026,82,-9.4333,159.95,75.61,6.44
430,Kolosovka,6,RU,1630003026,64,56.4678,73.611,66.97,6.6
431,Ullapool,6,GB,1630003027,70,57.8987,-5.1604,63.36,4.56
432,Morros,71,BR,1630003027,17,-9.4467,-46.3003,98.53,4.12
433,Shimanovsk,100,RU,1630003027,97,52.0,127.7,60.89,4.52
434,Aripuanã,81,BR,1630003028,21,-9.1667,-60.6333,102.65,3.06
435,Conselheiro Pena,24,BR,1630003028,34,-19.1722,-41.4722,87.4,7.76
436,Kondinskoye,100,RU,1630003028,92,59.6481,67.41,57.34,3.6
437,Gao,98,ML,1630003029,47,16.6362,1.637,87.71,2.59
438,Pringsewu,13,ID,1630003029,96,-5.3582,104.9744,71.35,2.51
439,Dunedin,100,NZ,1630002999,85,-45.8742,170.5036,44.8,7.0
440,Ripky,100,UA,1630003029,96,51.801,31.0838,59.11,3.11
441,Darhan,100,MN,1630003030,79,49.4867,105.9228,51.51,3.09
442,Tebingtinggi,100,ID,1630003030,96,3.3285,99.1625,77.05,3.53
443,Kikwit,84,CD,1630003031,44,-5.041,18.8162,84.34,3.0
444,Iqaluit,75,CA,1630003031,75,63.7506,-68.5145,42.53,4.61
445,Bonnyville,10,CA,1630003032,39,54.2668,-110.735,67.32,16.06
446,Chimbarongo,0,CL,1630002858,59,-34.7,-71.05,59.38,7.83
447,Bad Ems,88,DE,1630003032,86,50.3333,7.7167,64.92,6.06
448,Santarém,20,BR,1630003033,55,-2.4431,-54.7083,89.73,6.91
449,Sumbe,100,AO,1630003033,85,-11.2061,13.8437,70.97,2.93
450,Martinsville,40,US,1630003034,58,36.6915,-79.8725,94.15,3.44
451,Saint-Joseph,24,RE,1630003034,77,-21.3667,55.6167,66.58,14.88
452,Yeppoon,0,AU,1630003034,74,-23.1333,150.7333,47.98,3.87
453,Miquelon,61,PM,1630003035,80,47.0975,-56.3814,62.6,17.11
454,Talcahuano,20,CL,1630003035,62,-36.7167,-73.1167,56.88,11.5
455,Ustka,65,PL,1630003035,76,54.5805,16.8619,55.04,2.62
456,Hopkinsville,0,US,1630003036,64,36.8656,-87.4886,94.62,4.85
457,Tezu,100,IN,1630003036,97,27.9167,96.1667,73.69,3.18
458,Tahe,100,CN,1630003037,99,52.3333,124.7333,58.87,4.34
459,Aswān,0,EG,1630003037,15,24.0934,32.907,97.9,13.8
460,Tiznit Province,4,MA,1630003037,61,29.5833,-9.5,74.25,5.35
461,Roncesvalles,100,CO,1630003038,75,4.0108,-75.6049,61.88,4.5
462,Golakganj,100,IN,1630003038,96,26.1,89.8333,77.5,4.12
463,Province of Trapani,40,IT,1630003039,89,37.8333,12.6667,80.78,10.36
464,Lingao,6,CN,1630003039,87,19.9103,109.6859,79.2,10.65
465,Polovinnoye,71,RU,1630003039,38,54.7914,65.9864,69.94,0.69
466,Miyako,87,JP,1630003040,94,39.6367,141.9525,73.4,1.39
467,Ubari,0,LY,1630003040,15,26.5921,12.7805,89.71,9.62
468,Bojnourd,0,IR,1630003040,64,37.4747,57.329,69.75,2.3
469,Teluknaga,20,ID,1630003041,83,-6.0989,106.6381,78.84,3.44
470,Paracuru,1,BR,1630003041,63,-3.41,-39.0306,86.02,18.05
471,Del Rio,75,US,1630002940,45,29.3627,-100.8968,96.42,5.75
472,Copiapó,0,CL,1630002841,24,-27.3667,-70.3333,58.69,7.2
473,Tsimmerbude,51,RU,1630003042,88,54.675,20.1347,60.85,5.03
474,Kūstī,100,SD,1630003042,66,13.1629,32.6635,81.28,5.88
475,Emba,16,KZ,1630003043,25,48.8264,58.1442,80.44,7.76
476,Shimoda,100,JP,1630003043,83,34.6667,138.95,80.44,3.4
477,Acapulco de Juárez,75,MX,1630002893,58,16.8634,-99.8901,87.62,10.36
478,Novaya Lyalya,6,RU,1630003043,80,59.055,60.599,49.64,4.72
479,Caravelas,0,BR,1630003044,68,-17.7125,-39.2481,77.41,10.16
480,Merauke,100,ID,1630003044,90,-8.4667,140.3333,76.21,11.23
481,Agia Marina,0,GR,1630003044,74,37.75,23.5333,85.17,3.36
482,Bealanana,2,MG,1630003045,96,-14.55,48.7333,50.5,4.47
483,Røros,75,NO,1630003045,76,62.5747,11.3842,48.04,5.75
484,Waingapu,92,ID,1630003046,81,-9.6567,120.2641,74.95,6.73
485,Buraidah,0,SA,1630002971,9,26.326,43.975,97.25,11.54
486,Major Isidoro,100,BR,1630003046,59,-9.5322,-36.985,79.48,12.66
487,Ust'-Ordynskiy,100,RU,1630003046,74,52.805,104.7508,48.04,3.04
488,Safi,0,MA,1630002868,79,32.2994,-9.2372,71.67,13.22
489,Garden City,40,US,1630003047,56,42.3256,-83.331,93.88,5.01
490,Phonhong,97,LA,1630003047,94,18.5007,102.4166,74.75,1.72
491,Termez,0,UZ,1630003048,23,37.2242,67.2783,77.09,6.91
492,Canutama,18,BR,1630003048,16,-6.5339,-64.3831,107.56,2.77
493,Gamba,49,GA,1630003048,82,-2.65,10.0,75.33,6.4
494,Hilton Head,20,US,1630003049,75,32.2163,-80.7526,90.05,9.22
495,Christchurch,90,NZ,1630002989,86,-43.5333,172.6333,49.91,5.99
496,Luwingu,100,ZM,1630003049,30,-10.2621,29.9271,73.71,4.79
497,San Rafael,100,AR,1630003050,8,-34.6177,-68.3301,66.99,3.91
498,Nikita,96,UA,1630003050,68,44.5333,34.2333,63.73,4.25
499,Saint-François,20,FR,1630003050,68,46.4154,3.9054,68.41,10.36
500,San-Pédro,93,CI,1630003051,86,4.7485,-6.6363,75.78,3.13
501,Medford,1,US,1630003051,40,42.3265,-122.8756,76.6,3.44
502,Kil,75,SE,1630003051,94,59.5072,13.314,55.29,14.97
503,Grand-Santi,100,GF,1630003052,61,4.25,-54.3833,85.93,2.21
504,Rondonópolis,94,BR,1630003052,20,-16.4708,-54.6356,97.34,8.61
505,Berdigestyakh,66,RU,1630002789,95,62.0989,126.6992,48.67,4.72
506,Mattawa,100,US,1630003053,29,46.7379,-119.9028,79.66,13.47
507,Grand Gaube,3,MU,1630003053,71,-20.0064,57.6608,70.2,5.01
508,Jelgava,100,LV,1630003053,95,56.65,23.7128,55.44,6.87
509,Salaga,100,GH,1630003054,89,8.5508,-0.5188,76.15,0.38
510,Carahue,95,CL,1630003054,67,-38.7,-73.1667,50.2,5.1
511,Verkh-Usugli,100,RU,1630003054,81,52.7,115.1667,50.49,5.79
512,Mosetse,0,BW,1630003055,18,-20.75,26.65,74.53,8.7
513,Mitsamiouli,20,KM,1630003055,78,-11.3847,43.2844,75.49,3.44
514,Haines Junction,100,CA,1630003056,71,60.7522,-137.5108,51.75,0.0
515,Oneonta,18,US,1630002977,68,42.4529,-75.0638,93.11,1.01
516,Bouaflé,100,CI,1630003056,98,6.9904,-5.7442,80.62,3.24
517,Srednekolymsk,100,RU,1630003056,54,67.45,153.6833,52.29,10.31
518,Chaozhou,0,CN,1630003057,87,23.6651,116.6379,80.46,2.51
519,Najrān,6,SA,1630003057,21,17.4924,44.1277,88.45,4.52
520,Barra de Tecoanapa,100,MX,1630003057,65,16.5167,-98.75,86.2,8.48
521,Sosnovka,49,RU,1630003058,78,56.255,51.2842,51.91,5.57
522,Wanaka,100,NZ,1630003058,98,-44.7,169.15,44.11,2.48
523,Nadym,100,RU,1630003058,91,65.5333,72.5167,45.97,19.8
524,Poum,12,NC,1630003059,82,-20.2333,164.0167,72.46,11.54
525,Port Augusta,5,AU,1630003059,82,-32.5,137.7667,38.71,3.49
526,Nicoya,99,CR,1630003059,75,10.1483,-85.452,85.55,4.85
527,Lagoa,92,PT,1630003060,62,39.05,-27.9833,68.97,15.12
528,Tulu Bolo,28,ET,1630003060,90,8.6667,38.2167,56.08,2.86
529,Lindi,0,TZ,1630003061,88,-10.0,39.7167,71.04,3.44
530,Nabire,65,ID,1630003061,92,-3.3667,135.4833,75.06,2.8
531,Gurupá,93,BR,1630003061,54,-1.405,-51.64,88.75,1.81
532,Rāyagada,100,IN,1630003062,84,19.1667,83.4167,78.67,3.24
533,Black River,100,JM,1630003062,91,18.0264,-77.8487,75.2,21.81
534,Rānia,94,IN,1630003062,37,29.5333,74.8333,90.66,8.28
535,Dhidhdhoo,99,MV,1630003063,77,6.8833,73.1,82.6,17.6
536,Ferme-Neuve,0,CA,1630003063,37,46.7001,-75.4493,83.98,10.67
